Mest popul√¶re sider,Klikk,Visninger,Klikkfrekvens,Plassering
https://minekvitteringer.no/blog/slik-finner-du-kvitteringer-fra-power-elkjop-clas-ohlson-og-kjell-company,385,17090,2.25%,3.89
https://minekvitteringer.no/,304,4350,6.99%,9.12
https://minekvitteringer.no/blog/garanti-pa-telefoner-full-guide-til-alle-merkene-2025,123,9187,1.34%,5.45
https://minekvitteringer.no/blog/hva-er-en-gyldig-kvittering,94,6318,1.49%,4.52
https://minekvitteringer.no/blog/digitale-kvitteringer-fra-norske-nettbutikker-slik-holder-du-orden,90,6461,1.39%,5.48
https://minekvitteringer.no/blog/reiseutgifter-i-enkeltpersonforetak-slik-far-du-fradrag-og-full-oversikt,61,2359,2.59%,10.77
https://minekvitteringer.no/blog/de-beste-mobiltelefonene-i-2025-garanti-priser-og-hvordan-ta-vare-pa-kvitteringen,48,6696,0.72%,8.29
https://minekvitteringer.no/blog/den-ultimate-guiden-til-kvitteringsapper-slik-velger-du-den-beste-appen-for-a-skanne-kvitteringer,39,645,6.05%,5.45
https://minekvitteringer.no/blog/mobelkjop-og-garanti-derfor-ma-du-ta-vare-pa-kvitteringene,30,3004,1%,4.95
https://minekvitteringer.no/blog/slik-beregnes-formuesskatt-i-2025-og-dette-ma-du-vite-om-grensene,29,6764,0.43%,10.31
https://minekvitteringer.no/blog/hva-er-en-kvittering,25,4172,0.6%,6.35
https://minekvitteringer.no/blog/slik-finner-du-kvitteringer-fra-clas-ohlson,24,1207,1.99%,6.32
https://minekvitteringer.no/blog/hvorfor-du-ma-ta-vare-pa-kvitteringer-forsikringen-krever-dokumentasjon,20,1106,1.81%,8.5
https://minekvitteringer.no/blog/elektronikk-og-garanti-derfor-er-kvitteringer-gull-verdt,19,3502,0.54%,9.16
https://minekvitteringer.no/blog/slik-handterer-du-kvitteringer-ved-kjop-og-salg-pa-finn-no-komplett-guide-for-bade-kjoper-og-selger,19,829,2.29%,7.31
https://minekvitteringer.no/blog/slik-finner-du-kvitteringer-fra-elkjop,18,3325,0.54%,6.94
https://minekvitteringer.no/blog/bilutgifter-i-enkeltpersonforetak-regler-fradrag-og-smarte-tips,15,2059,0.73%,12.39
https://minekvitteringer.no/blog/bedrageri-og-falske-kvitteringer-slik-unngar-du-a-bli-lurt,13,222,5.86%,6.93
https://minekvitteringer.no/blog/oppbevaring-av-regnskapsmateriale-slik-gjor-du-det-riktig-og-smart,11,2671,0.41%,11.03
https://minekvitteringer.no/blog/hva-er-forskjellen-pa-kvittering-faktura-og-ordrebekreftelse-en-tydelig-guide-for-regnskapsdokumentasjon,10,1364,0.73%,9.68
https://minekvitteringer.no/blog/hvor-finner-du-kvitteringer-fra-power,8,1185,0.68%,7.22
https://minekvitteringer.no/blog/slik-finner-du-kvitteringer-fra-kjell-company,8,120,6.67%,13.33
https://minekvitteringer.no/blog/slik-finner-du-kvitteringer-fra-komplett,7,343,2.04%,11.09
https://minekvitteringer.no/blog/slik-organiserer-du-privatokonomien-din-pa-1-time-komplett-guide,7,124,5.65%,18.02
https://minekvitteringer.no/blog/derfor-bor-du-alltid-sjekke-kvitteringen-og-lagre-den-digitalt,6,671,0.89%,7.94
https://minekvitteringer.no/blog/hvor-lenge-ma-du-egentlig-ta-vare-pa-kvitteringer-reglene-forklart-for-bade-privatpersoner-og-bedrifter,6,479,1.25%,5.35
https://minekvitteringer.no/blog/hvorfor-forsvinner-skriften-pa-kvitteringen-din-og-hva-kan-du-gjore,6,116,5.17%,6.16
https://minekvitteringer.no/blog/laptop-guide-2025-beste-modeller-garanti-og-hvorfor-kvitteringer-er-kritisk,5,1643,0.3%,8.66
https://minekvitteringer.no/blog/slik-finner-du-kvitteringer-fra-power-elkjop-clas-ohlson-kjell-company-komplett-og-lefdal-komplett-guide-for-2026,4,1538,0.26%,7.7
https://minekvitteringer.no/blog/fradrag-i-enkeltpersonforetak,4,752,0.53%,32.82
https://minekvitteringer.no/docs/updates,4,627,0.64%,10.03
https://minekvitteringer.no/cgi-bin,3,404,0.74%,7.46
https://minekvitteringer.no/app/profile,3,339,0.88%,1.66
https://minekvitteringer.no/blog/slik-finner-du-kvitteringer-fra-lefdal,3,31,9.68%,12.35
https://minekvitteringer.no/blog/er-digitale-kvitteringer-godkjent-av-skatteetaten-reglene-du-ma-vite-om,2,106,1.89%,6.2
https://minekvitteringer.no/blog/gjor-regnskapet-enklere-den-smarteste-maten-a-handtere-kvitteringer-pa-for-smabedrifter,2,100,2%,12.45
https://minekvitteringer.no/blog/forsta-ehf,1,1605,0.06%,47.2
https://minekvitteringer.no/blog?page=2,1,195,0.51%,13.15
https://minekvitteringer.no/blog/hvordan-holde-orden-pa-garantier-og-kjopsbevis-en-komplett-guide-for-trygg-lagring,1,186,0.54%,9.54
https://minekvitteringer.no/blog/slik-finner-du-kvitteringer-fra-elkjop-komplett-guide-for-2026,1,118,0.85%,5.81
https://minekvitteringer.no/blog/slik-finner-du-kvitteringer-fra-clas-ohlson-2,1,92,1.09%,8.08
https://minekvitteringer.no/blog/slik-finner-du-kvitteringer-fra-power-komplett-guide-for-2026,1,50,2%,8.58
https://minekvitteringer.no/blog/ebitda-forklart-hva-det-betyr-hvordan-du-regner-det-ut-og-hvorfor-det-er-nyttig,0,1360,0%,9.61
https://minekvitteringer.no/docs/contact,0,296,0%,1.77
https://minekvitteringer.no/blog,0,216,0%,22.18
https://minekvitteringer.no/blog?tag=hjelp,0,137,0%,19.55
https://minekvitteringer.no/blog?tag=artikler,0,134,0%,16.18
https://minekvitteringer.no/blog/ny-oppdatering-last-opp-opptil-200-kvitteringer-pa-en-gang-og-la-systemet-gjore-jobben-for-deg,0,111,0%,16.69
https://minekvitteringer.no/docs/privacy,0,103,0%,5.99
https://minekvitteringer.no/blog?page=2&tag=artikler,0,68,0%,35.76
https://minekvitteringer.no/docs/salesterms,0,58,0%,7.78
https://minekvitteringer.no/docs/terms,0,45,0%,5.2
https://minekvitteringer.no/blog?tag=oppdateringer,0,30,0%,56.27
https://minekvitteringer.no/blog?page=3,0,21,0%,53.67
https://minekvitteringer.no/blog/spar-penger-og-fa-full-kontroll-derfor-bor-du-digitalisere-kvitteringene-dine,0,17,0%,20.12
https://minekvitteringer.no/blog/slik-finner-og-tar-vare-pa-kvitteringer-komplett-guide-for-2026,0,10,0%,12.6
https://minekvitteringer.no/blog?page=3&tag=artikler,0,7,0%,18.71
https://minekvitteringer.no/blog/oppdatering-bedre-stabilitet-i-e-posttilkoblingene,0,6,0%,76.83
https://minekvitteringer.no/blog/slik-finner-du-kvitteringer-fra-kjell-company-2,0,5,0%,28.8
https://minekvitteringer.no/blog?page=1&tag=artikler,0,4,0%,11.5
https://minekvitteringer.no/blog?page=1,0,1,0%,8